<?xml version="1.0" encoding="UTF-8" ?>
<rss version="2.0">

<channel>
    <title>Generic mrss feed</title>
    <link>http://www.developer.amazon.com/</link>
    <description>Generic mrss data</description>
    <item>
        <title>Nullamtus</title>
        <link>http://www.developer.amazon.com/</link>
        <pubdate>Wed, 14 Jan 2015 00:36:00 +0000</pubdate>
        <description>Sed a sagittis urna, a fermentum ligula. In sagittis sagittis libero, ut tincidunt sapien egestas.</description>
        <image>assets/l1.jpg</image>
        <url>assets/sample_video.mp4</url>
        <category>Lifestyle</category>
    </item>
    <item>
        <title>Ut at augue</title>
        <link>http://www.developer.amazon.com/</link>
        <pubdate>Wed, 14 Jan 2015 00:36:00 +0000</pubdate>
        <description>Phasellus vulputate tellus vitae volutpat viverra. Praesent posuere rutrum erat nec suscipit. Fusce interdum porta porta. Integer vulputate malesuada dictum.</description>
        <image>assets/l2.jpg</image>
        <url>assets/sample_video.mp4</url>
        <category>Travel</category>
    </item>
    <item>
        <title>Quisque porttitor augue</title>
        <link>http://www.developer.amazon.com/</link>
        <pubdate>Wed, 14 Jan 2015 00:36:00 +0000</pubdate>
        <description>Pellentesque vel metus sem. Aenean porta elementum sagittis.</description>
        <image>assets/l3.jpg</image>
        <url>assets/sample_video.mp4</url>
        <category>Sports</category>
    </item>
    <item>
        <title>Nullam leo lectus</title>
        <link>http://www.developer.amazon.com/</link>
        <pubdate>Wed, 14 Jan 2015 00:36:00 +0000</pubdate>
        <description>Sed a sagittis urna, a fermentum ligula. In sagittis sagittis libero, ut tincidunt sapien egestas.</description>
        <image>assets/l4.jpg</image>
        <url>assets/sample_video.mp4</url>
        <category>Travel</category>
    </item>
    <item>
        <title>Quisque porttitor augue</title>
        <link>http://www.developer.amazon.com/</link>
        <pubdate>Wed, 14 Jan 2015 00:36:00 +0000</pubdate>
        <description>Phasellus vulputate tellus vitae volutpat viverra. Praesent posuere rutrum erat nec suscipit. Fusce interdum porta porta. Integer vulputate malesuada dictum.</description>
        <image>assets/l5.jpg</image>
        <url>assets/sample_video.mp4</url>
        <category>Sports</category>
    </item>
    <item>
        <title>Ut at augue</title>
        <link>http://www.developer.amazon.com/</link>
        <pubdate>Wed, 14 Jan 2015 00:36:00 +0000</pubdate>
        <description>Pellentesque vel metus sem. Aenean porta elementum sagittis.</description>
        <image>assets/l6.jpg</image>
        <url>assets/sample_video.mp4</url>
        <category>Travel</category>
    </item>
    <item>
        <title>Nullam leo lectus</title>
        <link>http://www.developer.amazon.com/</link>
        <pubdate>Wed, 14 Jan 2015 00:36:00 +0000</pubdate>
        <description>Phasellus vulputate tellus vitae volutpat viverra. Praesent posuere rutrum erat nec suscipit. Fusce interdum porta porta. Integer vulputate malesuada dictum.</description>
        <image>assets/l7.jpg</image>
        <url>assets/sample_video.mp4</url>
        <category>Lifestyle</category>
    </item>
    <item>
        <title>Nullamtus</title>
        <link>http://www.developer.amazon.com/</link>
        <pubdate>Wed, 14 Jan 2015 00:36:00 +0000</pubdate>
        <description>Sed a sagittis urna, a fermentum ligula. In sagittis sagittis libero, ut tincidunt sapien egestas.</description>
        <image>assets/l8.jpg</image>
        <url>assets/sample_video.mp4</url>
        <category>Lifestyle</category>
    </item>
    <item>
        <title>Quisque porttitor augue</title>
        <link>http://www.developer.amazon.com/</link>
        <pubdate>Wed, 14 Jan 2015 00:36:00 +0000</pubdate>
        <description>Pellentesque vel metus sem. Aenean porta elementum sagittis.</description>
        <image>assets/l9.jpg</image>
        <url>assets/sample_video.mp4</url>
        <category>Sports</category>
    </item>
    <item>
        <title>Ut at augue</title>
        <link>http://www.developer.amazon.com/</link>
        <pubdate>Wed, 14 Jan 2015 00:36:00 +0000</pubdate>
        <description>Phasellus vulputate tellus vitae volutpat viverra. Praesent posuere rutrum erat nec suscipit. Fusce interdum porta porta. Integer vulputate malesuada dictum.</description>
        <image>assets/l10.jpg</image>
        <url>assets/sample_video.mp4</url>
        <category>Travel</category>
    </item>
    <item>
        <title>Nullam leo lectus</title>
        <link>http://www.developer.amazon.com/</link>
        <pubdate>Wed, 14 Jan 2015 00:36:00 +0000</pubdate>
        <description>Pellentesque vel metus sem. Aenean porta elementum sagittis.</description>
        <image>assets/l11.jpg</image>
        <url>assets/sample_video.mp4</url>
        <category>Lifestyle</category>
    </item>
    <item>
        <title>Nullamtus</title>
        <link>http://www.developer.amazon.com/</link>
        <pubdate>Wed, 14 Jan 2015 00:36:00 +0000</pubdate>
        <description>Sed a sagittis urna, a fermentum ligula. In sagittis sagittis libero, ut tincidunt sapien egestas.</description>
        <image>assets/l1.jpg</image>
        <url>assets/sample_video.mp4</url>
        <category>Lifestyle</category>
    </item>
    <item>
        <title>Quisque porttitor augue</title>
        <link>http://www.developer.amazon.com/</link>
        <pubdate>Wed, 14 Jan 2015 00:36:00 +0000</pubdate>
        <description>Phasellus vulputate tellus vitae volutpat viverra. Praesent posuere rutrum erat nec suscipit. Fusce interdum porta porta. Integer vulputate malesuada dictum.</description>
        <image>assets/l2.jpg</image>
        <url>assets/sample_video.mp4</url>
        <category>Travel</category>
    </item>
    <item>
        <title>Ut at augue</title>
        <link>http://www.developer.amazon.com/</link>
        <pubdate>Wed, 14 Jan 2015 00:36:00 +0000</pubdate>
        <description>Pellentesque vel metus sem. Aenean porta elementum sagittis.</description>
        <image>assets/l3.jpg</image>
        <url>assets/sample_video.mp4</url>
        <category>Sports</category>
    </item>
    <item>
        <title>Nullam leo lectus</title>
        <link>http://www.developer.amazon.com/</link>
        <pubdate>Wed, 14 Jan 2015 00:36:00 +0000</pubdate>
        <description>Phasellus vulputate tellus vitae volutpat viverra. Praesent posuere rutrum erat nec suscipit. Fusce interdum porta porta. Integer vulputate malesuada dictum.</description>
        <image>assets/l4.jpg</image>
        <url>assets/sample_video.mp4</url>
        <category>Lifestyle</category>
    </item>
</channel>
</rss>
